Exchanges [Primary Listing],CIK
-,0001322422; 0001283621
-,0001420819; 0001615903
Nasdaq Global Select (NasdaqGS),1109354
Nasdaq Global Select (NasdaqGS),853816
Nasdaq Global Select (NasdaqGS),779152
New York Stock Exchange (NYSE),0001299939; 0000355883
New York Stock Exchange (NYSE),1121484
Nasdaq Global Select (NasdaqGS),872589
New York Stock Exchange (NYSE),943452
Nasdaq Global Select (NasdaqGS),85535
New York Stock Exchange (NYSE),354707
Nasdaq Global Select (NasdaqGS),916365
New York Stock Exchange (NYSE),82811
Nasdaq Global Select (NasdaqGS),857005
New York Stock Exchange (NYSE),84839
Nasdaq Global Select (NasdaqGS),802481
-,0001003935; 0001042618
New York Stock Exchange (NYSE),1732845
Nasdaq Global Select (NasdaqGS),1048477
New York Stock Exchange (NYSE),1046311
New York Stock Exchange (NYSE),1068851
Nasdaq Global Select (NasdaqGS),97210
New York Stock Exchange (NYSE),56047
Nasdaq Global Select (NasdaqGS),0000904016; 0001666757; 0000109380
New York Stock Exchange (NYSE),1395942
Nasdaq Global Select (NasdaqGS),880807
New York Stock Exchange (NYSE),71691
Nasdaq Global Select (NasdaqGS),912093
-,886977
New York Stock Exchange (NYSE),75252
New York Stock Exchange (NYSE),0001313900; 0001912291; 0001944013
New York Stock Exchange (NYSE),720672
New York Stock Exchange (NYSE),105634
Nasdaq Global Select (NasdaqGS),800240
New York Stock Exchange (NYSE),850033
New York Stock Exchange (NYSE),70866
New York Stock Exchange (NYSE),1206264
New York Stock Exchange (NYSE),22444
Nasdaq Global Select (NasdaqGS),108312
Nasdaq Global Select (NasdaqGS),937556
New York Stock Exchange (NYSE),785161
-,1347557
New York Stock Exchange (NYSE),1282637
New York Stock Exchange (NYSE),850209
New York Stock Exchange (NYSE),0000944492; 0001127703
Nasdaq Global Select (NasdaqGS),1069157
New York Stock Exchange (NYSE),749251
Nasdaq Global Select (NasdaqGS),711404
New York Stock Exchange (NYSE),1296445
New York Stock Exchange (NYSE),16040
Nasdaq Global Select (NasdaqGS),798941
New York Stock Exchange (NYSE),42888
Nasdaq Global Select (NasdaqGS),1415404
New York Stock Exchange (NYSE),1320414
New York Stock Exchange (NYSE),1021561
New York Stock Exchange (NYSE),911971
-,1347426
NYSE MKT LLC (NYSEAM),88121
Nasdaq Global Select (NasdaqGS),877212
Nasdaq Global Select (NasdaqGS),831641
New York Stock Exchange (NYSE),1262823
New York Stock Exchange (NYSE),0001624899; 0001757898
New York Stock Exchange (NYSE),746838
Nasdaq Global Select (NasdaqGS),726958
Nasdaq Global Select (NasdaqGS),311094
New York Stock Exchange (NYSE),730263
Nasdaq Global Select (NasdaqGS),750577
Nasdaq Global Select (NasdaqGS),813672
New York Stock Exchange (NYSE),1492691
New York Stock Exchange (NYSE),789460
Nasdaq Global Select (NasdaqGS),101382
New York Stock Exchange (NYSE),0000059255; 0000102645
Nasdaq Global Select (NasdaqGS),1158463
New York Stock Exchange (NYSE),98677
New York Stock Exchange (NYSE),1385280
New York Stock Exchange (NYSE),746598
-,0000921638; 0000882639
New York Stock Exchange (NYSE),822818
-,1123452
New York Stock Exchange (NYSE),103730
New York Stock Exchange (NYSE),356309
New York Stock Exchange (NYSE),1144215
Nasdaq Global Select (NasdaqGS),700564
New York Stock Exchange (NYSE),784977
New York Stock Exchange (NYSE),703351
New York Stock Exchange (NYSE),1057877
-,0001627168; 0001437705
New York Stock Exchange (NYSE),26780
Nasdaq Global Select (NasdaqGS),949157
New York Stock Exchange (NYSE),1060822
New York Stock Exchange (NYSE),105016
New York Stock Exchange (NYSE),719413
New York Stock Exchange (NYSE),16058
New York Stock Exchange (NYSE),1808834
Nasdaq Global Select (NasdaqGS),763901
New York Stock Exchange (NYSE),215466
New York Stock Exchange (NYSE),26324
New York Stock Exchange (NYSE),0000931015; 0000816951
Nasdaq Global Select (NasdaqGS),793074
Nasdaq Global Select (NasdaqGS),0000926282; 0001880346
Nasdaq Global Select (NasdaqGS),36146
New York Stock Exchange (NYSE),313143
New York Stock Exchange (NYSE),7789
New York Stock Exchange (NYSE),1047340
New York Stock Exchange (NYSE),0001541927; 0000003453
-,0000758528; 0000800166
Nasdaq Global Select (NasdaqGS),57515
New York Stock Exchange (NYSE),737758
New York Stock Exchange (NYSE),1368458
New York Stock Exchange (NYSE),1019849
Nasdaq Global Select (NasdaqGS),799233
New York Stock Exchange (NYSE),99780
New York Stock Exchange (NYSE),1094285
New York Stock Exchange (NYSE),74303
New York Stock Exchange (NYSE),860748
New York Stock Exchange (NYSE),812011
New York Stock Exchange (NYSE),1336917
New York Stock Exchange (NYSE),1065837
New York Stock Exchange (NYSE),28917
Nasdaq Global Select (NasdaqGS),896262
Nasdaq Global Select (NasdaqGS),750004
New York Stock Exchange (NYSE),110471
-,1402388
New York Stock Exchange (NYSE),1389050
New York Stock Exchange (NYSE),67887
New York Stock Exchange (NYSE),885245
Nasdaq Global Select (NasdaqGS),723612
Nasdaq Global Select (NasdaqGS),1097149
New York Stock Exchange (NYSE),920371
New York Stock Exchange (NYSE),40211
Nasdaq Global Select (NasdaqGS),912603
-,1131383
Nasdaq Global Select (NasdaqGS),1050797
New York Stock Exchange (NYSE),0000046497; 0000091142
Nasdaq Global Select (NasdaqGS),1047127
New York Stock Exchange (NYSE),910521
New York Stock Exchange (NYSE),61986
New York Stock Exchange (NYSE),861459
Nasdaq Global Select (NasdaqGS),885550
New York Stock Exchange (NYSE),105770
Nasdaq Global Select (NasdaqGS),315709
New York Stock Exchange (NYSE),310142
Nasdaq Global Select (NasdaqGS),0000887596; 0001032174
New York Stock Exchange (NYSE),1692115
New York Stock Exchange (NYSE),1915657
Nasdaq Global Select (NasdaqGS),0000911160; 0001604778
Nasdaq Global Select (NasdaqGS),0001060373; 0001060955
New York Stock Exchange (NYSE),1000177
New York Stock Exchange (NYSE),0000719241; 0001224608
New York Stock Exchange (NYSE),6955
New York Stock Exchange (NYSE),717605
Nasdaq Global Select (NasdaqGS),1013880
Nasdaq Global Select (NasdaqGS),103145
Nasdaq Global Select (NasdaqGS),1013857
Nasdaq Global Select (NasdaqGS),0001042064; 0001471265
New York Stock Exchange (NYSE),48287
New York Stock Exchange (NYSE),1320695
Nasdaq Global Select (NasdaqGS),1375877
New York Stock Exchange (NYSE),1000623
New York Stock Exchange (NYSE),866829
New York Stock Exchange (NYSE),766421
New York Stock Exchange (NYSE),863436
New York Stock Exchange (NYSE),0001309108; 0001094107
New York Stock Exchange (NYSE),1733998
New York Stock Exchange (NYSE),0000741087; 0001408075
New York Stock Exchange (NYSE),17843
New York Stock Exchange (NYSE),104918
New York Stock Exchange (NYSE),1318885
Nasdaq Global Select (NasdaqGS),876167
Nasdaq Global Select (NasdaqGS),0000933036; 0000729217
New York Stock Exchange (NYSE),1417398
New York Stock Exchange (NYSE),78890
Nasdaq Global Select (NasdaqGS),1262039
Nasdaq Global Select (NasdaqGS),0000887343; 0001077771
Nasdaq Global Select (NasdaqGS),0001803696; 0001690666
New York Stock Exchange (NYSE),1108426
New York Stock Exchange (NYSE),1020859
New York Stock Exchange (NYSE),84246
Nasdaq Global Select (NasdaqGS),797721
Nasdaq Global Select (NasdaqGS),878927
Nasdaq Global Select (NasdaqGS),0000354913; 0001405495
New York Stock Exchange (NYSE),929008
New York Stock Exchange (NYSE),66756
New York Stock Exchange (NYSE),918646
-,1173420
-,0001708645; 0000913059
New York Stock Exchange (NYSE),795403
Nasdaq Global Select (NasdaqGS),785786
Nasdaq Global Select (NasdaqGS),0000807882; 0001064030
New York Stock Exchange (NYSE),102037
New York Stock Exchange (NYSE),930236
New York Stock Exchange (NYSE),14930
Nasdaq Global Select (NasdaqGS),36029
Nasdaq Global Select (NasdaqGS),1050446
New York Stock Exchange (NYSE),0000923796; 0001591188
Nasdaq Global Select (NasdaqGS),1029199
New York Stock Exchange (NYSE),39368
-,0001604481; 0001450281
Nasdaq Global Select (NasdaqGS),874015
Nasdaq Global Select (NasdaqGS),866729
Nasdaq Global Select (NasdaqGS),707179
Nasdaq Global Select (NasdaqGS),1039399
New York Stock Exchange (NYSE),19584
-,1340677
Nasdaq Global Select (NasdaqGS),879169
Nasdaq Global Select (NasdaqGS),63296
New York Stock Exchange (NYSE),771497
New York Stock Exchange (NYSE),1289877
New York Stock Exchange (NYSE),733269
Nasdaq Global Select (NasdaqGS),1403568
New York Stock Exchange (NYSE),0001289308; 0001058371
Nasdaq Global Select (NasdaqGS),917520
Nasdaq Global Select (NasdaqGS),88941
New York Stock Exchange (NYSE),795266
Nasdaq Global Select (NasdaqGS),817720
New York Stock Exchange (NYSE),1177394
New York Stock Exchange (NYSE),1130464
New York Stock Exchange (NYSE),108516
New York Stock Exchange (NYSE),0000896769; 0000046619
New York Stock Exchange (NYSE),913142
New York Stock Exchange (NYSE),18349
New York Stock Exchange (NYSE),891014
Nasdaq Global Select (NasdaqGS),940942
Nasdaq Global Select (NasdaqGS),1280058
New York Stock Exchange (NYSE),814547
New York Stock Exchange (NYSE),742278
Nasdaq Global Select (NasdaqGS),1169561
New York Stock Exchange (NYSE),59440
New York Stock Exchange (NYSE),936395
Nasdaq Global Select (NasdaqGS),1363829
Nasdaq Global Select (NasdaqGS),23197
Nasdaq Global Market (NasdaqGM),899460
Nasdaq Global Select (NasdaqGS),833640
Nasdaq Global Select (NasdaqGS),1084765
New York Stock Exchange (NYSE),105418
New York Stock Exchange (NYSE),4457
New York Stock Exchange (NYSE),1071739
New York Stock Exchange (NYSE),873860
New York Stock Exchange (NYSE),66570
New York Stock Exchange (NYSE),15615
New York Stock Exchange (NYSE),866706
Nasdaq Global Select (NasdaqGS),793733
New York Stock Exchange (NYSE),820318
Nasdaq Global Select (NasdaqGS),1993004
New York Stock Exchange (NYSE),89439
Nasdaq Global Select (NasdaqGS),1362468
Nasdaq Global Select (NasdaqGS),945841
New York Stock Exchange (NYSE),109563
Nasdaq Global Select (NasdaqGS),731012
New York Stock Exchange (NYSE),717954
New York Stock Exchange (NYSE),9984
Nasdaq Global Select (NasdaqGS),1368265
Nasdaq Global Select (NasdaqGS),1084048
Nasdaq Global Select (NasdaqGS),354647
Nasdaq Global Select (NasdaqGS),769520
-,1231346
Nasdaq Global Select (NasdaqGS),1041859
New York Stock Exchange (NYSE),1465128
Nasdaq Global Select (NasdaqGS),1897982
New York Stock Exchange (NYSE),1750
Nasdaq Global Select (NasdaqGS),66382
Nasdaq Global Select (NasdaqGS),0001520262; 0000874663
Nasdaq Global Select (NasdaqGS),29002
Nasdaq Global Select (NasdaqGS),0000075129; 0001466593
New York Stock Exchange (NYSE),0001032220; 0000103220
New York Stock Exchange (NYSE),77543
New York Stock Exchange (NYSE),1288403
Nasdaq Global Select (NasdaqGS),230557
Nasdaq Global Market (NasdaqGM),716643
Nasdaq Global Select (NasdaqGS),1041514
New York Stock Exchange (NYSE),60519
Nasdaq Global Select (NasdaqGS),1067294
Nasdaq Capital Market (NasdaqCM),906709
New York Stock Exchange (NYSE),801337
Nasdaq Global Select (NasdaqGS),729986
Nasdaq Global Select (NasdaqGS),897723
Nasdaq Global Select (NasdaqGS),1434588
Nasdaq Global Select (NasdaqGS),1049502
Nasdaq Global Select (NasdaqGS),1207179
Nasdaq Global Select (NasdaqGS),1057352
New York Stock Exchange (NYSE),1258602
Nasdaq Global Select (NasdaqGS),1138639
Nasdaq Global Select (NasdaqGS),1385613
New York Stock Exchange (NYSE),0000868671; 0001060330
New York Stock Exchange (NYSE),1050825
Nasdaq Global Select (NasdaqGS),811596
NYSE MKT LLC (NYSEAM),0000805676; 0000707209
Nasdaq Global Select (NasdaqGS),876523
Nasdaq Global Select (NasdaqGS),879585
New York Stock Exchange (NYSE),844965
Nasdaq Global Select (NasdaqGS),1280452
Nasdaq Global Select (NasdaqGS),946581
Nasdaq Global Select (NasdaqGS),1080014
New York Stock Exchange (NYSE),921582
New York Stock Exchange (NYSE),814585
Nasdaq Global Select (NasdaqGS),1161728
Nasdaq Global Select (NasdaqGS),16160
New York Stock Exchange (NYSE),1230245
New York Stock Exchange (NYSE),319655
New York Stock Exchange (NYSE),0001350593; 0001291000
New York Stock Exchange (NYSE),1257640
New York Stock Exchange (NYSE),1021162
Nasdaq Global Select (NasdaqGS),939767
Nasdaq Global Select (NasdaqGS),0001336443; 0001289460
New York Stock Exchange (NYSE),1406587
Nasdaq Capital Market (NasdaqCM),1120370
-,1164771
New York Stock Exchange (NYSE),0000810383; 0000037808
-,878518
New York Stock Exchange (NYSE),1378789
Nasdaq Global Select (NasdaqGS),1111928
-,1588823
New York Stock Exchange (NYSE),1035201
New York Stock Exchange (NYSE),27996
New York Stock Exchange (NYSE),56679
New York Stock Exchange (NYSE),1126956
New York Stock Exchange (NYSE),50725
Nasdaq Global Select (NasdaqGS),1122904
New York Stock Exchange (NYSE),80172
Nasdaq Global Select (NasdaqGS),708955
Nasdaq Global Select (NasdaqGS),0000895301; 0000913241
Nasdaq Global Select (NasdaqGS),0000007302; 0000894405
Nasdaq Global Select (NasdaqGS),1015328
Nasdaq Global Select (NasdaqGS),0000046675; 0000916789
Nasdaq Global Select (NasdaqGS),1178670
Nasdaq Global Select (NasdaqGS),785956
Nasdaq Global Select (NasdaqGS),1381197
New York Stock Exchange (NYSE),1396033
Nasdaq Global Select (NasdaqGS),912728
Nasdaq Global Select (NasdaqGS),1124941
New York Stock Exchange (NYSE),876437
New York Stock Exchange (NYSE),906553
-,0001034957; 0001034962
Nasdaq Global Select (NasdaqGS),912767
Nasdaq Global Select (NasdaqGS),918965
-,1434265
New York Stock Exchange (NYSE),1335258
Nasdaq Global Select (NasdaqGS),851205
-,1114700
Nasdaq Global Select (NasdaqGS),889331
Nasdaq Global Select (NasdaqGS),790359
Nasdaq Global Select (NasdaqGS),1377630
New York Stock Exchange (NYSE),860731
Nasdaq Global Select (NasdaqGS),1185348
Nasdaq Global Select (NasdaqGS),910406
New York Stock Exchange (NYSE),0000819793; 0000003303
New York Stock Exchange (NYSE),0001122976; 0000897547
New York Stock Exchange (NYSE),916540
Nasdaq Global Select (NasdaqGS),1101302
Nasdaq Global Select (NasdaqGS),0001617242; 0001295664
Nasdaq Global Market (NasdaqGM),45919
New York Stock Exchange (NYSE),1379041
New York Stock Exchange (NYSE),319654
Nasdaq Global Select (NasdaqGS),887733
Nasdaq Global Select (NasdaqGS),38725
-,1378239
New York Stock Exchange (NYSE),816956
Nasdaq Global Select (NasdaqGS),840489
Nasdaq Global Select (NasdaqGS),876427
New York Stock Exchange (NYSE),949870
New York Stock Exchange (NYSE),1265131
New York Stock Exchange (NYSE),1056903
-,884713
New York Stock Exchange (NYSE),18498
New York Stock Exchange (NYSE),1031203
New York Stock Exchange (NYSE),314203
Nasdaq Global Select (NasdaqGS),1340122
Nasdaq Global Select (NasdaqGS),1423689
New York Stock Exchange (NYSE),94049
New York Stock Exchange (NYSE),1178970
New York Stock Exchange (NYSE),1423221
Nasdaq Global Select (NasdaqGS),69891
Nasdaq Global Select (NasdaqGS),1005757
Nasdaq Global Select (NasdaqGS),901491
New York Stock Exchange (NYSE),768899
Nasdaq Global Select (NasdaqGS),927003
New York Stock Exchange (NYSE),723188
Nasdaq Global Select (NasdaqGS),1017480
Nasdaq Global Select (NasdaqGS),1635984
Nasdaq Global Select (NasdaqGS),9326
Nasdaq Global Select (NasdaqGS),1201792
New York Stock Exchange (NYSE),1441236
Nasdaq Global Market (NasdaqGM),709283
New York Stock Exchange (NYSE),1315257
Nasdaq Global Select (NasdaqGS),1368622
-,0001394832; 0001405196
Nasdaq Global Select (NasdaqGS),1166388
-,0001666704; 0001469395
New York Stock Exchange (NYSE),1331520
New York Stock Exchange (NYSE),833079
Nasdaq Global Select (NasdaqGS),792987
Nasdaq Global Select (NasdaqGS),851310
New York Stock Exchange (NYSE),890926
New York Stock Exchange (NYSE),1000753
Nasdaq Global Select (NasdaqGS),0001357450; 0001324297
New York Stock Exchange (NYSE),710752
New York Stock Exchange (NYSE),9092
Nasdaq Global Select (NasdaqGS),1041803
New York Stock Exchange (NYSE),1157408
Nasdaq Global Select (NasdaqGS),1078075
New York Stock Exchange (NYSE),18255
New York Stock Exchange (NYSE),1376139
New York Stock Exchange (NYSE),1067701
Nasdaq Global Select (NasdaqGS),0001401700; 0001493225
Nasdaq Global Select (NasdaqGS),1049782
New York Stock Exchange (NYSE),1179929
Nasdaq Global Select (NasdaqGS),935036
Nasdaq Global Select (NasdaqGS),1023313
Nasdaq Global Select (NasdaqGS),108385
Nasdaq Global Select (NasdaqGS),1708055
New York Stock Exchange (NYSE),1062231
-,913353
New York Stock Exchange (NYSE),945114
New York Stock Exchange (NYSE),76267
Nasdaq Global Select (NasdaqGS),1639691
Nasdaq Global Select (NasdaqGS),760498
Nasdaq Global Select (NasdaqGS),1418819
New York Stock Exchange (NYSE),1402829
-,0000933267; 0000938179
Nasdaq Global Select (NasdaqGS),1286613
New York Stock Exchange (NYSE),41719
Nasdaq Global Select (NasdaqGS),933974
-,0001340243; 0001736512
New York Stock Exchange (NYSE),932695
New York Stock Exchange (NYSE),67347
Nasdaq Global Select (NasdaqGS),1172052
New York Stock Exchange (NYSE),1043509
Nasdaq Global Select (NasdaqGS),1056696
New York Stock Exchange (NYSE),1166663
NYSE MKT LLC (NYSEAM),1160791
Nasdaq Global Select (NasdaqGS),856982
Nasdaq Global Select (NasdaqGS),883984
Nasdaq Global Select (NasdaqGS),1159036
Nasdaq Global Select (NasdaqGS),105132
New York Stock Exchange (NYSE),850429
Nasdaq Global Select (NasdaqGS),1066605
Nasdaq Global Select (NasdaqGS),1158172
Nasdaq Global Select (NasdaqGS),752714
Nasdaq Global Select (NasdaqGS),711377
Nasdaq Global Select (NasdaqGS),884624
New York Stock Exchange (NYSE),1164863
New York Stock Exchange (NYSE),1324948
Nasdaq Global Select (NasdaqGS),1297989
Nasdaq Global Select (NasdaqGS),715787
Nasdaq Global Select (NasdaqGS),1145197
Nasdaq Global Select (NasdaqGS),932696
New York Stock Exchange (NYSE),0001420800; 0001068015
New York Stock Exchange (NYSE),1318568
Nasdaq Global Select (NasdaqGS),1304421
New York Stock Exchange (NYSE),0001104485; 0001388955
Nasdaq Capital Market (NasdaqCM),0001407764; 0001412100
Nasdaq Global Select (NasdaqGS),726854
-,1221029
NYSE MKT LLC (NYSEAM),1006281
Nasdaq Global Select (NasdaqGS),20212
Nasdaq Global Select (NasdaqGS),886744
New York Stock Exchange (NYSE),890541
Nasdaq Global Select (NasdaqGS),1169445
Nasdaq Capital Market (NasdaqCM),1157762
Nasdaq Global Select (NasdaqGS),1462418
Nasdaq Global Select (NasdaqGS),1013488
Nasdaq Global Select (NasdaqGS),1362004
New York Stock Exchange (NYSE),789933
Nasdaq Global Select (NasdaqGS),1077428
Nasdaq Global Select (NasdaqGS),1116942
New York Stock Exchange (NYSE),96869
New York Stock Exchange (NYSE),1360901
Nasdaq Global Select (NasdaqGS),0000021327; 0000317540
New York Stock Exchange (NYSE),836157
Nasdaq Global Select (NasdaqGS),1569650
NYSE MKT LLC (NYSEAM),1047335
Nasdaq Global Select (NasdaqGS),1034842
Nasdaq Global Select (NasdaqGS),1334036
New York Stock Exchange (NYSE),57131
Nasdaq Capital Market (NasdaqCM),1131554
New York Stock Exchange (NYSE),97134
New York Stock Exchange (NYSE),850141
New York Stock Exchange (NYSE),0001076499; 0001286681
New York Stock Exchange (NYSE),896264
New York Stock Exchange (NYSE),837465
Nasdaq Global Select (NasdaqGS),0000930420; 0001318262
Nasdaq Global Select (NasdaqGS),0000101199; 0001521471
Nasdaq Global Select (NasdaqGS),850460
Nasdaq Global Select (NasdaqGS),357301
Nasdaq Global Select (NasdaqGS),1039065
New York Stock Exchange (NYSE),1261654
Nasdaq Global Select (NasdaqGS),0001118404; 0000354963
New York Stock Exchange (NYSE),0001263813; 0001494904
Nasdaq Global Select (NasdaqGS),1278021
New York Stock Exchange (NYSE),1434754
New York Stock Exchange (NYSE),84748
Nasdaq Global Select (NasdaqGS),90498
Nasdaq Global Select (NasdaqGS),0001366046; 0000912562
New York Stock Exchange (NYSE),1035983
Nasdaq Global Select (NasdaqGS),821026
Nasdaq Global Select (NasdaqGS),719220
New York Stock Exchange (NYSE),892553
New York Stock Exchange (NYSE),944148
New York Stock Exchange (NYSE),1433660
Nasdaq Global Select (NasdaqGS),861842
Nasdaq Global Select (NasdaqGS),944809
New York Stock Exchange (NYSE),42682
Nasdaq Global Select (NasdaqGS),1115055
-,0000930689; 0000931427; 0001676772; 0001312956
New York Stock Exchange (NYSE),910329
Nasdaq Global Select (NasdaqGS),1289848
Nasdaq Global Select (NasdaqGS),0001005284; 0000857809
New York Stock Exchange (NYSE),763744
New York Stock Exchange (NYSE),1114483
Nasdaq Global Select (NasdaqGS),772406
-,1370416
New York Stock Exchange (NYSE),1024795
Nasdaq Global Select (NasdaqGS),1159167
New York Stock Exchange (NYSE),0000315011; 0000791963
Nasdaq Global Select (NasdaqGS),776901
New York Stock Exchange (NYSE),0001049172; 0001278027
Nasdaq Global Select (NasdaqGS),1158324
New York Stock Exchange (NYSE),33002
NYSE MKT LLC (NYSEAM),1065059
New York Stock Exchange (NYSE),1039828
Nasdaq Global Select (NasdaqGS),1128361
Nasdaq Global Select (NasdaqGS),921557
-,1063259
New York Stock Exchange (NYSE),49754
Nasdaq Global Select (NasdaqGS),1012019
New York Stock Exchange (NYSE),0000734716; 0000884219
New York Stock Exchange (NYSE),14707
Nasdaq Capital Market (NasdaqCM),914712
New York Stock Exchange (NYSE),1367644
New York Stock Exchange (NYSE),766829
Nasdaq Global Select (NasdaqGS),55135
Nasdaq Global Select (NasdaqGS),1119769
Nasdaq Global Select (NasdaqGS),0000353569; 0001906324
-,1134115
New York Stock Exchange (NYSE),16859
Nasdaq Global Select (NasdaqGS),874866
New York Stock Exchange (NYSE),1393883
New York Stock Exchange (NYSE),95552
Nasdaq Global Select (NasdaqGS),1377789
Nasdaq Global Select (NasdaqGS),1084961
Nasdaq Global Select (NasdaqGS),0001005409; 0000846617
Nasdaq Global Select (NasdaqGS),800457
Nasdaq Global Select (NasdaqGS),0000821002; 0001334647
New York Stock Exchange (NYSE),8947
Nasdaq Global Select (NasdaqGS),885462
Nasdaq Global Select (NasdaqGS),0000932691; 0000714562
Nasdaq Global Select (NasdaqGS),1318484
New York Stock Exchange (NYSE),1436126
New York Stock Exchange (NYSE),712034
Nasdaq Global Select (NasdaqGS),0000858655; 0000909698
Nasdaq Global Select (NasdaqGS),1040130
Nasdaq Global Select (NasdaqGS),924717
New York Stock Exchange (NYSE),712537
Nasdaq Global Select (NasdaqGS),58361
NYSE MKT LLC (NYSEAM),1005817
Nasdaq Global Select (NasdaqGS),1275187
New York Stock Exchange (NYSE),0001295474; 0001295947
Nasdaq Global Select (NasdaqGS),799167
Nasdaq Global Select (NasdaqGS),1375365
Nasdaq Global Select (NasdaqGS),6845
Nasdaq Global Select (NasdaqGS),34782
New York Stock Exchange (NYSE),896156
Nasdaq Global Select (NasdaqGS),751978
Nasdaq Global Select (NasdaqGS),1318008
Nasdaq Global Select (NasdaqGS),1333493
Nasdaq Global Select (NasdaqGS),851520
New York Stock Exchange (NYSE),62234
Nasdaq Global Select (NasdaqGS),0000832428; 0000880937
Nasdaq Global Select (NasdaqGS),0000043365; 0001372020; 0000885538
Nasdaq Global Select (NasdaqGS),0001094831; 0001950475
Nasdaq Global Select (NasdaqGS),915779
New York Stock Exchange (NYSE),71829
Nasdaq Global Select (NasdaqGS),56978
New York Stock Exchange (NYSE),1104657
Nasdaq Global Select (NasdaqGS),926326
New York Stock Exchange (NYSE),1144980
Nasdaq Global Select (NasdaqGS),1093557
Nasdaq Global Select (NasdaqGS),1309402
Nasdaq Global Select (NasdaqGS),50493
Nasdaq Global Select (NasdaqGS),350852
New York Stock Exchange (NYSE),1408100
Nasdaq Global Select (NasdaqGS),1156388
-,1050140
Nasdaq Global Select (NasdaqGS),0001177257; 0001339605
Nasdaq Global Select (NasdaqGS),822663
New York Stock Exchange (NYSE),1694426
Nasdaq Global Select (NasdaqGS),103595
-,1395213
Nasdaq Global Select (NasdaqGS),80420
Nasdaq Capital Market (NasdaqCM),0001964333; 0001101250
Nasdaq Global Select (NasdaqGS),0000046205; 0001172222
-,1174169
-,1308648
Nasdaq Global Select (NasdaqGS),700923
New York Stock Exchange (NYSE),857949
New York Stock Exchange (NYSE),318833
New York Stock Exchange (NYSE),107687
Nasdaq Global Select (NasdaqGS),917470
New York Stock Exchange (NYSE),764038
-,1499849
Nasdaq Global Select (NasdaqGS),827187
Nasdaq Global Select (NasdaqGS),923139
New York Stock Exchange (NYSE),906338
Nasdaq Global Select (NasdaqGS),1517396
Nasdaq Global Select (NasdaqGS),917491
Nasdaq Global Select (NasdaqGS),1421517
Nasdaq Global Select (NasdaqGS),1056285
New York Stock Exchange (NYSE),75288
Nasdaq Global Select (NasdaqGS),1018979
Nasdaq Global Select (NasdaqGS),1102993
New York Stock Exchange (NYSE),72162
Nasdaq Global Select (NasdaqGS),824142
Nasdaq Capital Market (NasdaqCM),1391127
-,0001412558; 0001774462
Nasdaq Global Select (NasdaqGS),1009829
Nasdaq Global Select (NasdaqGS),203596
Nasdaq Global Select (NasdaqGS),21535
New York Stock Exchange (NYSE),26058
New York Stock Exchange (NYSE),65270
NYSE MKT LLC (NYSEAM),766011
-,0001414759; 0001429937
New York Stock Exchange (NYSE),24090
New York Stock Exchange (NYSE),6176
Nasdaq Global Select (NasdaqGS),1138723
Nasdaq Global Select (NasdaqGS),0001971213; 0000912752
New York Stock Exchange (NYSE),69488
Nasdaq Global Select (NasdaqGS),877422
Nasdaq Global Select (NasdaqGS),857855
-,0001173643; 0000904139
Nasdaq Global Select (NasdaqGS),0000034563; 0001305458
Nasdaq Global Select (NasdaqGS),101984
New York Stock Exchange (NYSE),1305168
Nasdaq Global Market (NasdaqGM),886128
Nasdaq Global Select (NasdaqGS),1125376
New York Stock Exchange (NYSE),67215
Nasdaq Global Select (NasdaqGS),855658
New York Stock Exchange (NYSE),1130713
Nasdaq Global Select (NasdaqGS),799850
Nasdaq Global Select (NasdaqGS),701288
Nasdaq Capital Market (NasdaqCM),0001350684; 0001552670
Nasdaq Global Select (NasdaqGS),874238
Nasdaq Global Market (NasdaqGM),0001305597; 0001347178
Nasdaq Global Select (NasdaqGS),-
Nasdaq Global Select (NasdaqGS),1141103
Nasdaq Capital Market (NasdaqCM),948708
Nasdaq Global Select (NasdaqGS),352825
New York Stock Exchange (NYSE),19745
Nasdaq Global Select (NasdaqGS),1031623
New York Stock Exchange (NYSE),357294
New York Stock Exchange (NYSE),60714
Nasdaq Global Select (NasdaqGS),1062822
-,1230992
New York Stock Exchange (NYSE),1142750
New York Stock Exchange (NYSE),1069878
New York Stock Exchange (NYSE),216085
New York Stock Exchange (NYSE),277509
Nasdaq Global Select (NasdaqGS),705432
Nasdaq Capital Market (NasdaqCM),1121702
Nasdaq Global Select (NasdaqGS),1053706
Nasdaq Global Select (NasdaqGS),934549
Nasdaq Global Select (NasdaqGS),835324
Nasdaq Global Select (NasdaqGS),1308208
Nasdaq Global Select (NasdaqGS),102212
New York Stock Exchange (NYSE),1108134
New York Stock Exchange (NYSE),1464423
New York Stock Exchange (NYSE),715072
Nasdaq Global Select (NasdaqGS),854560
New York Stock Exchange (NYSE),899751
Nasdaq Global Select (NasdaqGS),1094366
Nasdaq Global Select (NasdaqGS),708781
New York Stock Exchange (NYSE),1109116
Nasdaq Global Select (NasdaqGS),0001030471; 0001504697
Nasdaq Global Select (NasdaqGS),882796
New York Stock Exchange (NYSE),72633
-,1377757
Nasdaq Global Market (NasdaqGM),65770
Nasdaq Global Select (NasdaqGS),866273
Nasdaq Global Select (NasdaqGS),1171759
Nasdaq Global Select (NasdaqGS),794619
Nasdaq Global Select (NasdaqGS),1235468
Nasdaq Global Select (NasdaqGS),1350653
Nasdaq Capital Market (NasdaqCM),771266
Nasdaq Global Select (NasdaqGS),868780
Nasdaq Global Select (NasdaqGS),717538
Nasdaq Global Select (NasdaqGS),721994
Nasdaq Global Select (NasdaqGS),1087294
New York Stock Exchange (NYSE),1419945
Nasdaq Global Select (NasdaqGS),1069183
New York Stock Exchange (NYSE),1212545
Nasdaq Global Select (NasdaqGS),1337117
Nasdaq Global Select (NasdaqGS),106532
Nasdaq Global Select (NasdaqGS),1000694
New York Stock Exchange (NYSE),1392972
Nasdaq Global Select (NasdaqGS),895447
Nasdaq Global Select (NasdaqGS),1001233
Nasdaq Capital Market (NasdaqCM),1321851
Nasdaq Global Select (NasdaqGS),1085869
Nasdaq Global Select (NasdaqGS),356171
New York Stock Exchange (NYSE),1030469
-,0001272869; 0001368519
New York Stock Exchange (NYSE),1361538
Nasdaq Global Select (NasdaqGS),1005229
Nasdaq Global Select (NasdaqGS),1049521
Nasdaq Global Select (NasdaqGS),1001115
Nasdaq Global Select (NasdaqGS),34067
New York Stock Exchange (NYSE),890564
Nasdaq Global Select (NasdaqGS),314489
New York Stock Exchange (NYSE),1428205
New York Stock Exchange (NYSE),894627
Nasdaq Global Select (NasdaqGS),1173489
Nasdaq Global Select (NasdaqGS),1078271
New York Stock Exchange (NYSE),0001023748; 0000910638
Nasdaq Global Select (NasdaqGS),88948
Nasdaq Global Select (NasdaqGS),913760
Nasdaq Global Market (NasdaqGM),886163
-,1512717
Nasdaq Global Select (NasdaqGS),1001902
Nasdaq Capital Market (NasdaqCM),717720
New York Stock Exchange (NYSE),310354
Nasdaq Global Select (NasdaqGS),750686
Nasdaq Global Select (NasdaqGS),737468
Nasdaq Capital Market (NasdaqCM),793628
Nasdaq Global Select (NasdaqGS),0001289945; 0000880888; 0000915390
New York Stock Exchange (NYSE),755001
Nasdaq Global Select (NasdaqGS),1001385
Nasdaq Global Market (NasdaqGM),1010086
Nasdaq Global Select (NasdaqGS),1133470
Nasdaq Global Select (NasdaqGS),1232524
Nasdaq Global Select (NasdaqGS),729580
Nasdaq Global Select (NasdaqGS),1092796
Nasdaq Global Select (NasdaqGS),0001059262; 0001059993
New York Stock Exchange (NYSE),1369241
New York Stock Exchange (NYSE),100726
Nasdaq Global Select (NasdaqGS),1157647
New York Stock Exchange (NYSE),72573
Nasdaq Global Select (NasdaqGS),1054905
New York Stock Exchange (NYSE),874501
Nasdaq Global Select (NasdaqGS),66004
Nasdaq Global Select (NasdaqGS),0001311810; 0001320854
Nasdaq Global Market (NasdaqGM),1293282
Nasdaq Global Select (NasdaqGS),810136
Nasdaq Capital Market (NasdaqCM),1095981
Nasdaq Capital Market (NasdaqCM),1393726
Nasdaq Global Select (NasdaqGS),726601
Nasdaq Capital Market (NasdaqCM),1044777
Nasdaq Global Select (NasdaqGS),920112
Nasdaq Global Select (NasdaqGS),278166
Nasdaq Global Select (NasdaqGS),0000801555; 0001116463
Nasdaq Global Select (NasdaqGS),811589
Nasdaq Global Select (NasdaqGS),1177702
New York Stock Exchange (NYSE),1371782
Nasdaq Global Select (NasdaqGS),102752
Nasdaq Capital Market (NasdaqCM),1051514
Nasdaq Global Select (NasdaqGS),80035
New York Stock Exchange (NYSE),81362
New York Stock Exchange (NYSE),1084991
New York Stock Exchange (NYSE),1043337
Nasdaq Global Select (NasdaqGS),842633
New York Stock Exchange (NYSE),883948
Nasdaq Capital Market (NasdaqCM),1069530
New York Stock Exchange (NYSE),764401
NYSE MKT LLC (NYSEAM),1334933
New York Stock Exchange (NYSE),5981
Nasdaq Global Select (NasdaqGS),854775
Nasdaq Global Select (NasdaqGS),46250
Nasdaq Capital Market (NasdaqCM),826154
New York Stock Exchange (NYSE),891166
Nasdaq Global Select (NasdaqGS),82020
-,1277866
Nasdaq Global Select (NasdaqGS),351834
Nasdaq Capital Market (NasdaqCM),788965
Nasdaq Capital Market (NasdaqCM),926617
Nasdaq Capital Market (NasdaqCM),0000857121; 0001108205
New York Stock Exchange (NYSE),315131
Nasdaq Capital Market (NasdaqCM),1082038
Nasdaq Global Select (NasdaqGS),859070
New York Stock Exchange (NYSE),0000932625; 0001057706
Nasdaq Global Select (NasdaqGS),1004702
New York Stock Exchange (NYSE),1023128
Nasdaq Capital Market (NasdaqCM),852772
Nasdaq Global Select (NasdaqGS),3545
Nasdaq Global Select (NasdaqGS),1303942
Nasdaq Global Select (NasdaqGS),78749
Nasdaq Global Select (NasdaqGS),928340
Nasdaq Global Select (NasdaqGS),1007587
New York Stock Exchange (NYSE),94344
New York Stock Exchange (NYSE),316253
-,1836564
Nasdaq Capital Market (NasdaqCM),1050441
New York Stock Exchange (NYSE),716314
Nasdaq Global Select (NasdaqGS),1447051
Nasdaq Global Select (NasdaqGS),1220754
Nasdaq Global Select (NasdaqGS),0001409171; 0001224389
New York Stock Exchange (NYSE),881787
New York Stock Exchange (NYSE),1437071
Nasdaq Global Select (NasdaqGS),1133311
New York Stock Exchange (NYSE),897077
New York Stock Exchange (NYSE),1057060
Nasdaq Global Market (NasdaqGM),814586
Nasdaq Capital Market (NasdaqCM),1132651
Nasdaq Capital Market (NasdaqCM),846913
New York Stock Exchange (NYSE),0001162497; 0000885978
Nasdaq Capital Market (NasdaqCM),796534
New York Stock Exchange (NYSE),886346
New York Stock Exchange (NYSE),30305
New York Stock Exchange (NYSE),100591
Nasdaq Capital Market (NasdaqCM),0000724910; 0001129239
NYSE MKT LLC (NYSEAM),1289340
New York Stock Exchange (NYSE),1467760
New York Stock Exchange (NYSE),915840
New York Stock Exchange (NYSE),799292
-,1095052
-,1341335
NYSE MKT LLC (NYSEAM),1156041
Nasdaq Global Select (NasdaqGS),0001082506; 0001831096
Nasdaq Global Select (NasdaqGS),763532
New York Stock Exchange (NYSE),1337298
New York Stock Exchange (NYSE),25475
New York Stock Exchange (NYSE),93389
Nasdaq Global Select (NasdaqGS),897322
Nasdaq Global Select (NasdaqGS),743238
New York Stock Exchange (NYSE),95029
Nasdaq Global Select (NasdaqGS),1050377
Nasdaq Global Select (NasdaqGS),1224133
New York Stock Exchange (NYSE),784199
Nasdaq Capital Market (NasdaqCM),740663
New York Stock Exchange (NYSE),1129155
Nasdaq Global Select (NasdaqGS),108985
Nasdaq Global Select (NasdaqGS),828944
Nasdaq Global Select (NasdaqGS),928876
Nasdaq Global Select (NasdaqGS),714395
Nasdaq Global Select (NasdaqGS),0001295401; 0001258754
Nasdaq Capital Market (NasdaqCM),1105101
Nasdaq Global Select (NasdaqGS),0000799165; 0000351231
Nasdaq Global Market (NasdaqGM),1089872
New York Stock Exchange (NYSE),1331284
New York Stock Exchange (NYSE),923120
Nasdaq Global Select (NasdaqGS),1061983
New York Stock Exchange (NYSE),1332551
Nasdaq Capital Market (NasdaqCM),1117171
Nasdaq Capital Market (NasdaqCM),0001005201; 0001808665
NYSE MKT LLC (NYSEAM),725363
Nasdaq Capital Market (NasdaqCM),1088856
-,1345099
Nasdaq Global Select (NasdaqGS),903129
Nasdaq Capital Market (NasdaqCM),1403475
Nasdaq Global Select (NasdaqGS),1020710
Nasdaq Global Select (NasdaqGS),1084869
Nasdaq Global Select (NasdaqGS),909108
New York Stock Exchange (NYSE),65172
Nasdaq Global Select (NasdaqGS),894081
Nasdaq Global Select (NasdaqGS),1069258
Nasdaq Global Select (NasdaqGS),0000880117; 0000889867
-,1648257
Nasdaq Global Select (NasdaqGS),1382230
Nasdaq Global Select (NasdaqGS),1005286
Nasdaq Global Select (NasdaqGS),1829576
NYSE MKT LLC (NYSEAM),1106644
Nasdaq Global Select (NasdaqGS),807707
Nasdaq Global Select (NasdaqGS),1342423
Nasdaq Global Select (NasdaqGS),873303
-,1129928
Nasdaq Capital Market (NasdaqCM),721693
Nasdaq Global Market (NasdaqGM),727273
Nasdaq Capital Market (NasdaqCM),1041657
Nasdaq Global Select (NasdaqGS),0001464343; 0001068199
-,0001453015; 0000933777
Nasdaq Capital Market (NasdaqCM),1119774
Nasdaq Capital Market (NasdaqCM),101594
NYSE MKT LLC (NYSEAM),1358190
Nasdaq Global Select (NasdaqGS),1378950
Nasdaq Global Select (NasdaqGS),809248
Nasdaq Global Select (NasdaqGS),846901
Nasdaq Global Select (NasdaqGS),713425
Nasdaq Global Select (NasdaqGS),1046025
Nasdaq Global Select (NasdaqGS),765207
Nasdaq Global Select (NasdaqGS),1275014
Nasdaq Global Market (NasdaqGM),1285819
Nasdaq Capital Market (NasdaqCM),0000744218; 0001286517
Nasdaq Global Select (NasdaqGS),1113232
Nasdaq Global Select (NasdaqGS),824410
Nasdaq Capital Market (NasdaqCM),704562
Nasdaq Global Select (NasdaqGS),844059
Nasdaq Global Select (NasdaqGS),1000209
-,1045986
-,1627281
Nasdaq Global Market (NasdaqGM),1317945
NYSE MKT LLC (NYSEAM),876343
Nasdaq Global Market (NasdaqGM),903651
Nasdaq Global Select (NasdaqGS),736772
Nasdaq Global Market (NasdaqGM),0000791908; 0001074404
Nasdaq Global Select (NasdaqGS),1022408
NYSE MKT LLC (NYSEAM),0001366868; 0001037927
Nasdaq Global Select (NasdaqGS),0001403384; 0001328919
New York Stock Exchange (NYSE),1316835
New York Stock Exchange (NYSE),0000827165; 0001102238
Nasdaq Global Market (NasdaqGM),1018164
-,1717161
Nasdaq Global Select (NasdaqGS),863110
New York Stock Exchange (NYSE),3570
Nasdaq Global Select (NasdaqGS),0001290900; 0001049130
New York Stock Exchange (NYSE),109177
Nasdaq Capital Market (NasdaqCM),910267
New York Stock Exchange (NYSE),1043000
Nasdaq Global Select (NasdaqGS),1077688
Nasdaq Capital Market (NasdaqCM),275053
Nasdaq Global Select (NasdaqGS),719135
New York Stock Exchange (NYSE),924822
Nasdaq Capital Market (NasdaqCM),1041024
Nasdaq Global Select (NasdaqGS),1223389
New York Stock Exchange (NYSE),0001465740; 0001406982
Nasdaq Global Select (NasdaqGS),907242
Nasdaq Global Select (NasdaqGS),712771
Nasdaq Global Select (NasdaqGS),902791
New York Stock Exchange (NYSE),744187
New York Stock Exchange (NYSE),723603
Nasdaq Global Select (NasdaqGS),1058811
Nasdaq Global Select (NasdaqGS),931584
Nasdaq Global Select (NasdaqGS),862831
Nasdaq Global Select (NasdaqGS),1401564
Nasdaq Global Select (NasdaqGS),712534
Nasdaq Global Select (NasdaqGS),835011
New York Stock Exchange (NYSE),0000776734; 0001059142
Nasdaq Global Select (NasdaqGS),1210708
-,0001598599; 0001652569
Nasdaq Global Select (NasdaqGS),730272
Nasdaq Global Select (NasdaqGS),1109345
Nasdaq Capital Market (NasdaqCM),863894
Nasdaq Global Select (NasdaqGS),716605
Nasdaq Capital Market (NasdaqCM),891532
-,1364125
Nasdaq Global Select (NasdaqGS),1035092
Nasdaq Global Select (NasdaqGS),1126741
-,1434614
Nasdaq Capital Market (NasdaqCM),1124140
Nasdaq Global Select (NasdaqGS),1057379
Nasdaq Capital Market (NasdaqCM),1341170
-,0001704335; 0001498403
-,1567529
Nasdaq Capital Market (NasdaqCM),34956
New York Stock Exchange (NYSE),826675
Nasdaq Capital Market (NasdaqCM),1413898
NYSE MKT LLC (NYSEAM),1006655
Nasdaq Capital Market (NasdaqCM),1107421
New York Stock Exchange (NYSE),1082324
Nasdaq Global Select (NasdaqGS),100378
Nasdaq Capital Market (NasdaqCM),1055726
Nasdaq Capital Market (NasdaqCM),810958
Nasdaq Global Select (NasdaqGS),1142417
-,0001767955; 0001757064
Nasdaq Global Select (NasdaqGS),1162461
Nasdaq Capital Market (NasdaqCM),711772
-,1477081
Nasdaq Global Market (NasdaqGM),908315
Nasdaq Global Select (NasdaqGS),0000075659; 0001333274
NYSE MKT LLC (NYSEAM),1379006
Nasdaq Global Market (NasdaqGM),1464790
Nasdaq Global Select (NasdaqGS),1050743
Nasdaq Capital Market (NasdaqCM),56868
-,1440972
New York Stock Exchange (NYSE),74046
Nasdaq Global Market (NasdaqGM),813298
NYSE MKT LLC (NYSEAM),783324
Nasdaq Global Market (NasdaqGM),0000718937; 0001422427
Nasdaq Global Select (NasdaqGS),1163370
Nasdaq Global Market (NasdaqGM),700565
Nasdaq Global Select (NasdaqGS),1436425
New York Stock Exchange (NYSE),886206
Nasdaq Global Select (NasdaqGS),1438231
Nasdaq Global Select (NasdaqGS),914475
New York Stock Exchange (NYSE),1005731
Nasdaq Global Select (NasdaqGS),706698
NYSE MKT LLC (NYSEAM),724742
Nasdaq Global Market (NasdaqGM),1123494
Nasdaq Global Select (NasdaqGS),355948
Nasdaq Global Market (NasdaqGM),14177
Nasdaq Capital Market (NasdaqCM),944480
Nasdaq Global Select (NasdaqGS),911177
Nasdaq Capital Market (NasdaqCM),717806
Nasdaq Global Select (NasdaqGS),1120914
Nasdaq Global Select (NasdaqGS),1086434
Nasdaq Global Select (NasdaqGS),318300
NYSE MKT LLC (NYSEAM),743367
NYSE MKT LLC (NYSEAM),884269
Nasdaq Global Select (NasdaqGS),1104506
New York Stock Exchange (NYSE),1811074
Nasdaq Global Market (NasdaqGM),1371489
Nasdaq Global Select (NasdaqGS),0001434621; 0001096479
-,1828316
Nasdaq Global Select (NasdaqGS),720500
Nasdaq Global Select (NasdaqGS),1051627
-,1574565
Nasdaq Global Select (NasdaqGS),1025835
Nasdaq Global Select (NasdaqGS),351569
Nasdaq Global Market (NasdaqGM),1040896
Nasdaq Capital Market (NasdaqCM),1035976
Nasdaq Global Market (NasdaqGM),798287
Nasdaq Global Select (NasdaqGS),1468328
Nasdaq Capital Market (NasdaqCM),1448397
Nasdaq Global Select (NasdaqGS),730708
Nasdaq Capital Market (NasdaqCM),1409375
Nasdaq Capital Market (NasdaqCM),716634
Nasdaq Global Select (NasdaqGS),315374
Nasdaq Global Select (NasdaqGS),357173
Nasdaq Global Select (NasdaqGS),730255
-,0001505065; 0001765764
Nasdaq Global Select (NasdaqGS),1023731
Nasdaq Capital Market (NasdaqCM),903419
NYSE MKT LLC (NYSEAM),1049606
NYSE MKT LLC (NYSEAM),2178
Nasdaq Global Select (NasdaqGS),788329
Nasdaq Global Market (NasdaqGM),1323885
NYSE MKT LLC (NYSEAM),1101396
New York Stock Exchange (NYSE),1113809
NYSE MKT LLC (NYSEAM),1117057
Nasdaq Global Select (NasdaqGS),8063
Nasdaq Capital Market (NasdaqCM),715446
Nasdaq Capital Market (NasdaqCM),1093691
Nasdaq Global Select (NasdaqGS),946647
NYSE MKT LLC (NYSEAM),1378140
New York Stock Exchange (NYSE),1072627
Nasdaq Global Select (NasdaqGS),1018399
Nasdaq Global Market (NasdaqGM),1178879
Nasdaq Capital Market (NasdaqCM),783412
New York Stock Exchange (NYSE),1301787
Nasdaq Global Select (NasdaqGS),1130144
Nasdaq Global Select (NasdaqGS),1365767
Nasdaq Global Select (NasdaqGS),0001720250; 0001316517
Nasdaq Global Market (NasdaqGM),894671
Nasdaq Global Select (NasdaqGS),898437
Nasdaq Global Select (NasdaqGS),69733
Nasdaq Capital Market (NasdaqCM),808326
-,0001506184; 0001692528
Nasdaq Global Select (NasdaqGS),874396
Nasdaq Global Select (NasdaqGS),1166928
Nasdaq Capital Market (NasdaqCM),933738
Nasdaq Global Market (NasdaqGM),1048268
Nasdaq Capital Market (NasdaqCM),1376321
New York Stock Exchange (NYSE),708821
Nasdaq Global Market (NasdaqGM),1226616
Nasdaq Global Select (NasdaqGS),1095565
Nasdaq Capital Market (NasdaqCM),0001847398; 0001354772
Nasdaq Capital Market (NasdaqCM),798528
Nasdaq Global Market (NasdaqGM),1325670
Nasdaq Global Market (NasdaqGM),1297341
Nasdaq Capital Market (NasdaqCM),314227
Nasdaq Global Select (NasdaqGS),724004
Nasdaq Global Select (NasdaqGS),1056358
New York Stock Exchange (NYSE),6207
Nasdaq Global Select (NasdaqGS),885508
New York Stock Exchange (NYSE),0001220751; 0001299709
Nasdaq Capital Market (NasdaqCM),1099160
Nasdaq Global Market (NasdaqGM),31107
Nasdaq Global Market (NasdaqGM),935419
Nasdaq Global Select (NasdaqGS),1000045
Nasdaq Global Market (NasdaqGM),1013272
Nasdaq Global Market (NasdaqGM),1158895
Nasdaq Capital Market (NasdaqCM),0001019433; 0000946486
New York Stock Exchange (NYSE),0001361652; 0001415948; 0001430725
Nasdaq Capital Market (NasdaqCM),792966
Nasdaq Global Market (NasdaqGM),1020214
Nasdaq Global Select (NasdaqGS),836690
Nasdaq Capital Market (NasdaqCM),715579
-,1574232
Nasdaq Capital Market (NasdaqCM),740971
NYSE MKT LLC (NYSEAM),90168
Nasdaq Global Market (NasdaqGM),706863
Nasdaq Global Select (NasdaqGS),1412665
NYSE MKT LLC (NYSEAM),946644
Nasdaq Capital Market (NasdaqCM),1470683
Nasdaq Capital Market (NasdaqCM),739421
Nasdaq Global Market (NasdaqGM),790526
Nasdaq Global Select (NasdaqGS),0000878608; 0000913277
Nasdaq Capital Market (NasdaqCM),882508
Nasdaq Global Market (NasdaqGM),808439
Nasdaq Global Market (NasdaqGM),875657
Nasdaq Global Select (NasdaqGS),876779
Nasdaq Global Market (NasdaqGM),1109138
New York Stock Exchange (NYSE),43196
Nasdaq Capital Market (NasdaqCM),875355
-,1375205
Nasdaq Capital Market (NasdaqCM),1066923
Nasdaq Capital Market (NasdaqCM),926423
Nasdaq Global Select (NasdaqGS),763563
NYSE MKT LLC (NYSEAM),64472
Nasdaq Global Market (NasdaqGM),750574
Nasdaq Capital Market (NasdaqCM),1213809
-,0001888449; 0001166834
Nasdaq Global Select (NasdaqGS),720858
New York Stock Exchange (NYSE),845877
-,1286973
Nasdaq Capital Market (NasdaqCM),0001962738; 0000895051
Nasdaq Capital Market (NasdaqCM),1074902
Nasdaq Capital Market (NasdaqCM),1075736
Nasdaq Capital Market (NasdaqCM),749660
New York Stock Exchange (NYSE),313364
NYSE MKT LLC (NYSEAM),917225
New York Stock Exchange (NYSE),1016281
Nasdaq Global Select (NasdaqGS),1273685
Nasdaq Global Select (NasdaqGS),37472
Nasdaq Global Select (NasdaqGS),76282
Nasdaq Global Market (NasdaqGM),1071255
Nasdaq Global Market (NasdaqGM),1314102
Nasdaq Capital Market (NasdaqCM),1429764
Nasdaq Capital Market (NasdaqCM),0001365129; 0001167419
Nasdaq Global Market (NasdaqGM),-
Nasdaq Global Market (NasdaqGM),1069533
Nasdaq Global Market (NasdaqGM),1017303
Nasdaq Capital Market (NasdaqCM),1030997
NYSE MKT LLC (NYSEAM),32621
Nasdaq Global Select (NasdaqGS),918541
Nasdaq Global Market (NasdaqGM),946936
Nasdaq Capital Market (NasdaqCM),911147
Nasdaq Capital Market (NasdaqCM),1758009
Nasdaq Global Select (NasdaqGS),0001329517; 0001569994
Nasdaq Capital Market (NasdaqCM),0001392363; 0001747661
Nasdaq Capital Market (NasdaqCM),1070524
Nasdaq Capital Market (NasdaqCM),0000723646; 0000732848
Nasdaq Capital Market (NasdaqCM),793524
Nasdaq Capital Market (NasdaqCM),891482
Nasdaq Capital Market (NasdaqCM),709337
Nasdaq Global Select (NasdaqGS),1109242
Nasdaq Global Select (NasdaqGS),918251
Nasdaq Capital Market (NasdaqCM),1084554
Nasdaq Capital Market (NasdaqCM),0000719495; 0001746109
Nasdaq Global Market (NasdaqGM),933034
Nasdaq Global Select (NasdaqGS),928658
Nasdaq Capital Market (NasdaqCM),1036044
Nasdaq Capital Market (NasdaqCM),1341766
Nasdaq Global Market (NasdaqGM),95953
Nasdaq Capital Market (NasdaqCM),1325964
New York Stock Exchange (NYSE),93676
New York Stock Exchange (NYSE),879526
Nasdaq Global Select (NasdaqGS),1029142
Nasdaq Global Market (NasdaqGM),95574
Nasdaq Global Select (NasdaqGS),913341
Nasdaq Capital Market (NasdaqCM),276720
Nasdaq Global Market (NasdaqGM),99302
Nasdaq Capital Market (NasdaqCM),0001098972; 0000785189
Nasdaq Global Market (NasdaqGM),101295
Nasdaq Capital Market (NasdaqCM),1289850
Nasdaq Capital Market (NasdaqCM),320017
Nasdaq Global Select (NasdaqGS),3197
-,1285786
Nasdaq Capital Market (NasdaqCM),1213660
Nasdaq Capital Market (NasdaqCM),1077183
Nasdaq Global Market (NasdaqGM),1015739
Nasdaq Global Select (NasdaqGS),916793
-,1844450
New York Stock Exchange (NYSE),1006837
Nasdaq Global Select (NasdaqGS),907471
Nasdaq Global Market (NasdaqGM),864240
Nasdaq Global Market (NasdaqGM),787253
Nasdaq Global Select (NasdaqGS),1137547
Nasdaq Global Select (NasdaqGS),946673
Nasdaq Global Market (NasdaqGM),887359
Nasdaq Global Market (NasdaqGM),886136
Nasdaq Global Market (NasdaqGM),0000008146; 0000717836
Nasdaq Global Select (NasdaqGS),706129
Nasdaq Global Market (NasdaqGM),0001591890; 0000946454
Nasdaq Global Market (NasdaqGM),751365
Nasdaq Capital Market (NasdaqCM),1262104
Nasdaq Capital Market (NasdaqCM),350868
Nasdaq Capital Market (NasdaqCM),65596
Nasdaq Capital Market (NasdaqCM),27367
-,1113423
New York Stock Exchange (NYSE),1400810
New York Stock Exchange (NYSE),1253986
Nasdaq Global Select (NasdaqGS),1070494
Nasdaq Global Market (NasdaqGM),779544
Nasdaq Capital Market (NasdaqCM),0001127371; 0001225078
Nasdaq Capital Market (NasdaqCM),818033
Nasdaq Global Market (NasdaqGM),0000785815; 0001616262
Nasdaq Capital Market (NasdaqCM),919864
Nasdaq Global Market (NasdaqGM),1341318
NYSE MKT LLC (NYSEAM),1389545
Nasdaq Global Select (NasdaqGS),1053352
New York Stock Exchange (NYSE),63330
Nasdaq Capital Market (NasdaqCM),811240
Nasdaq Global Market (NasdaqGM),914122
Nasdaq Capital Market (NasdaqCM),812796
NYSE MKT LLC (NYSEAM),946394
Nasdaq Capital Market (NasdaqCM),909494
NYSE MKT LLC (NYSEAM),0001034760; 0001040257
Nasdaq Capital Market (NasdaqCM),924383
Nasdaq Global Select (NasdaqGS),1314052
Nasdaq Capital Market (NasdaqCM),1367083
NYSE MKT LLC (NYSEAM),33533
Nasdaq Global Market (NasdaqGM),798081
NYSE MKT LLC (NYSEAM),839470
Nasdaq Capital Market (NasdaqCM),318306
Nasdaq Global Select (NasdaqGS),895456
NYSE MKT LLC (NYSEAM),2186
Nasdaq Global Market (NasdaqGM),39020
Nasdaq Global Market (NasdaqGM),1228454
Nasdaq Capital Market (NasdaqCM),1070296
Nasdaq Global Select (NasdaqGS),1076930
NYSE MKT LLC (NYSEAM),1337013
Nasdaq Global Select (NasdaqGS),893847
Nasdaq Capital Market (NasdaqCM),731653
New York Stock Exchange (NYSE),1166003
Nasdaq Capital Market (NasdaqCM),778164
Nasdaq Global Market (NasdaqGM),1040161
Nasdaq Capital Market (NasdaqCM),1401521
Nasdaq Global Market (NasdaqGM),1605301
Nasdaq Capital Market (NasdaqCM),351998
Nasdaq Global Select (NasdaqGS),10329
Nasdaq Global Market (NasdaqGM),707388
Nasdaq Capital Market (NasdaqCM),909724
New York Stock Exchange (NYSE),701347
NYSE MKT LLC (NYSEAM),39092
Nasdaq Capital Market (NasdaqCM),749647
Nasdaq Capital Market (NasdaqCM),1374328
NYSE MKT LLC (NYSEAM),946563
Nasdaq Global Market (NasdaqGM),719733
Nasdaq Global Market (NasdaqGM),875582
Nasdaq Capital Market (NasdaqCM),914156
Nasdaq Global Market (NasdaqGM),0001993727; 0000896494
Nasdaq Capital Market (NasdaqCM),806517
Nasdaq Global Market (NasdaqGM),906465
NYSE MKT LLC (NYSEAM),10048
NYSE MKT LLC (NYSEAM),928465
Nasdaq Global Market (NasdaqGM),0001141688; 0000915800
NYSE MKT LLC (NYSEAM),771999
Nasdaq Global Market (NasdaqGM),55529
Nasdaq Global Select (NasdaqGS),1053584
Nasdaq Capital Market (NasdaqCM),1039280
Nasdaq Capital Market (NasdaqCM),1357971
Nasdaq Global Select (NasdaqGS),896429
Nasdaq Global Select (NasdaqGS),763907
Nasdaq Global Market (NasdaqGM),1089907
NYSE MKT LLC (NYSEAM),889348
Nasdaq Capital Market (NasdaqCM),944745
Nasdaq Global Market (NasdaqGM),879635
Nasdaq Global Market (NasdaqGM),0000049615; 0001774170
NYSE MKT LLC (NYSEAM),911216
Nasdaq Global Market (NasdaqGM),707605
Nasdaq Capital Market (NasdaqCM),1173204
Nasdaq Global Market (NasdaqGM),0001373623; 0001587987; 0001094019
New York Stock Exchange (NYSE),50471
Nasdaq Global Market (NasdaqGM),0001101146; 0001478454
Nasdaq Global Market (NasdaqGM),945983
Nasdaq Capital Market (NasdaqCM),1572334
-,1400438
Nasdaq Capital Market (NasdaqCM),1315399
Nasdaq Capital Market (NasdaqCM),1026980
Nasdaq Global Select (NasdaqGS),1028918
Nasdaq Capital Market (NasdaqCM),1431567
Nasdaq Global Select (NasdaqGS),885740
Nasdaq Capital Market (NasdaqCM),29332
Nasdaq Capital Market (NasdaqCM),1114925
Nasdaq Global Market (NasdaqGM),711669
Nasdaq Global Select (NasdaqGS),879407
Nasdaq Capital Market (NasdaqCM),767405
Nasdaq Global Market (NasdaqGM),700841
Nasdaq Global Market (NasdaqGM),318673
Nasdaq Capital Market (NasdaqCM),1196298
Nasdaq Global Market (NasdaqGM),1098151
Nasdaq Capital Market (NasdaqCM),1342958
Nasdaq Capital Market (NasdaqCM),0000946015; 0000811212
Nasdaq Global Select (NasdaqGS),846475
Nasdaq Global Select (NasdaqGS),69633
Nasdaq Capital Market (NasdaqCM),1001907
NYSE MKT LLC (NYSEAM),842518
Nasdaq Capital Market (NasdaqCM),1376339
-,0001131343; 0001136797
New York Stock Exchange (NYSE),0001490855; 0000928054
NYSE MKT LLC (NYSEAM),1011509
Nasdaq Global Market (NasdaqGM),33488
Nasdaq Global Market (NasdaqGM),796505
Nasdaq Capital Market (NasdaqCM),836147
Nasdaq Capital Market (NasdaqCM),925528
-,1369085
NYSE MKT LLC (NYSEAM),2098
Nasdaq Global Market (NasdaqGM),1046050
Nasdaq Global Select (NasdaqGS),1010470
Nasdaq Capital Market (NasdaqCM),62362
Nasdaq Capital Market (NasdaqCM),803164
-,0001536196; 0001776028
Nasdaq Capital Market (NasdaqCM),719402
Nasdaq Global Market (NasdaqGM),0000926761; 0001672909
Nasdaq Global Market (NasdaqGM),920427
Nasdaq Capital Market (NasdaqCM),1136174
Nasdaq Global Market (NasdaqGM),8177
Nasdaq Capital Market (NasdaqCM),771856
-,0001519995; 0001815620
Nasdaq Global Select (NasdaqGS),811808
Nasdaq Capital Market (NasdaqCM),840715
Nasdaq Global Select (NasdaqGS),1492165
New York Stock Exchange (NYSE),1061630
Nasdaq Global Market (NasdaqGM),1093672
NYSE MKT LLC (NYSEAM),1355848
NYSE MKT LLC (NYSEAM),1174940
Nasdaq Capital Market (NasdaqCM),54187
Nasdaq Global Market (NasdaqGM),1006045
NYSE MKT LLC (NYSEAM),101538
Nasdaq Global Select (NasdaqGS),1042729
Nasdaq Capital Market (NasdaqCM),1442620
Nasdaq Global Market (NasdaqGM),-
NYSE MKT LLC (NYSEAM),1120970
Nasdaq Capital Market (NasdaqCM),0001465969; 0001845799
NYSE MKT LLC (NYSEAM),855683
Nasdaq Capital Market (NasdaqCM),1176309
Nasdaq Capital Market (NasdaqCM),868278
Nasdaq Capital Market (NasdaqCM),0001292522; 0001130166
NYSE MKT LLC (NYSEAM),1065078
NYSE MKT LLC (NYSEAM),0001110529; 0001420720; 0001059975
-,1753368
Nasdaq Capital Market (NasdaqCM),907654
Nasdaq Capital Market (NasdaqCM),890066
Nasdaq Capital Market (NasdaqCM),1026662
Nasdaq Global Market (NasdaqGM),916907
Nasdaq Global Select (NasdaqGS),0001521951; 0001305399
NYSE MKT LLC (NYSEAM),1036848
Nasdaq Capital Market (NasdaqCM),69422
Nasdaq Capital Market (NasdaqCM),1239819
Nasdaq Global Select (NasdaqGS),1041368
Nasdaq Capital Market (NasdaqCM),1448431
Nasdaq Global Market (NasdaqGM),1360214
NYSE MKT LLC (NYSEAM),1069394
Nasdaq Capital Market (NasdaqCM),25895
Nasdaq Capital Market (NasdaqCM),1435508
Nasdaq Global Market (NasdaqGM),31667
Nasdaq Capital Market (NasdaqCM),1066194
Nasdaq Global Market (NasdaqGM),1337068
NYSE MKT LLC (NYSEAM),829323
NYSE MKT LLC (NYSEAM),352955
Nasdaq Capital Market (NasdaqCM),353184
Nasdaq Capital Market (NasdaqCM),1007019
Nasdaq Capital Market (NasdaqCM),1016178
Nasdaq Global Select (NasdaqGS),76605
Nasdaq Capital Market (NasdaqCM),1275101
Nasdaq Capital Market (NasdaqCM),1008586
Nasdaq Capital Market (NasdaqCM),1015155
Nasdaq Global Market (NasdaqGM),1000230
Nasdaq Global Select (NasdaqGS),1023459
Nasdaq Capital Market (NasdaqCM),1158780
Nasdaq Global Market (NasdaqGM),806279
Nasdaq Capital Market (NasdaqCM),1302028
Nasdaq Global Market (NasdaqGM),889609
Nasdaq Global Market (NasdaqGM),947559
NYSE MKT LLC (NYSEAM),862692
-,0001660046; 0001416282; 0001691787
Nasdaq Capital Market (NasdaqCM),1397016
Nasdaq Capital Market (NasdaqCM),932781
NYSE MKT LLC (NYSEAM),728387
Nasdaq Global Market (NasdaqGM),1090009
Nasdaq Capital Market (NasdaqCM),1124524
NYSE MKT LLC (NYSEAM),1026655
Nasdaq Capital Market (NasdaqCM),1137883
Nasdaq Capital Market (NasdaqCM),766792
Nasdaq Global Market (NasdaqGM),811831
Nasdaq Capital Market (NasdaqCM),12239
Nasdaq Capital Market (NasdaqCM),915358
Nasdaq Global Select (NasdaqGS),1752036
Nasdaq Global Market (NasdaqGM),46129
NYSE MKT LLC (NYSEAM),66418
Nasdaq Global Market (NasdaqGM),0001273805; 0001367859
-,882361
Nasdaq Capital Market (NasdaqCM),1133818
Nasdaq Capital Market (NasdaqCM),1019034
NYSE MKT LLC (NYSEAM),89140
-,1385849
Nasdaq Global Market (NasdaqGM),1119083
Nasdaq Global Market (NasdaqGM),921183
NYSE MKT LLC (NYSEAM),1326205
Nasdaq Capital Market (NasdaqCM),882291
Nasdaq Global Select (NasdaqGS),39311
NYSE MKT LLC (NYSEAM),1036262
Nasdaq Global Market (NasdaqGM),1370450
Nasdaq Capital Market (NasdaqCM),838875
Nasdaq Capital Market (NasdaqCM),744452
NYSE MKT LLC (NYSEAM),1437226
Nasdaq Capital Market (NasdaqCM),38264
Nasdaq Capital Market (NasdaqCM),7623
Nasdaq Capital Market (NasdaqCM),1435064
Nasdaq Capital Market (NasdaqCM),1094038
Nasdaq Capital Market (NasdaqCM),885307
Nasdaq Global Market (NasdaqGM),738214
Nasdaq Capital Market (NasdaqCM),1173313
Nasdaq Capital Market (NasdaqCM),806172
Nasdaq Capital Market (NasdaqCM),722572
Nasdaq Capital Market (NasdaqCM),1004989
Nasdaq Capital Market (NasdaqCM),1213037
Nasdaq Capital Market (NasdaqCM),0001500375; 0001429527; 0001302901
Nasdaq Capital Market (NasdaqCM),96536
Nasdaq Capital Market (NasdaqCM),1289636
NYSE MKT LLC (NYSEAM),96793
Nasdaq Capital Market (NasdaqCM),1299969
Nasdaq Capital Market (NasdaqCM),814676
Nasdaq Capital Market (NasdaqCM),889971
Nasdaq Capital Market (NasdaqCM),1168455
Nasdaq Capital Market (NasdaqCM),849146
-,1166272
Nasdaq Capital Market (NasdaqCM),807863
Nasdaq Capital Market (NasdaqCM),0001609065; 0001046188
NYSE MKT LLC (NYSEAM),701719
-,1437424
NYSE MKT LLC (NYSEAM),19871
-,316888
Nasdaq Capital Market (NasdaqCM),1133416
NYSE MKT LLC (NYSEAM),744825
Nasdaq Capital Market (NasdaqCM),1378590
Nasdaq Global Market (NasdaqGM),356037
Nasdaq Capital Market (NasdaqCM),1417926
Nasdaq Capital Market (NasdaqCM),924168
Nasdaq Global Market (NasdaqGM),740664
Nasdaq Capital Market (NasdaqCM),0000718332; 0000078916
Nasdaq Global Select (NasdaqGS),1562463
Nasdaq Capital Market (NasdaqCM),1386570
NYSE MKT LLC (NYSEAM),1179821
Nasdaq Capital Market (NasdaqCM),0001541119; 0001410087
Nasdaq Capital Market (NasdaqCM),351789
NYSE MKT LLC (NYSEAM),102109
Nasdaq Capital Market (NasdaqCM),1382574
NYSE MKT LLC (NYSEAM),894158
Nasdaq Global Select (NasdaqGS),1730984
Nasdaq Capital Market (NasdaqCM),1328792
Nasdaq Capital Market (NasdaqCM),1693577
Nasdaq Capital Market (NasdaqCM),720875
Nasdaq Capital Market (NasdaqCM),944075
Nasdaq Capital Market (NasdaqCM),1013706
Nasdaq Capital Market (NasdaqCM),1175151
Nasdaq Capital Market (NasdaqCM),1369568
Nasdaq Capital Market (NasdaqCM),1040470
-,1922641
NYSE MKT LLC (NYSEAM),12040
Nasdaq Capital Market (NasdaqCM),811641
Nasdaq Capital Market (NasdaqCM),1282224
Nasdaq Capital Market (NasdaqCM),1450704
Nasdaq Capital Market (NasdaqCM),862861
Nasdaq Capital Market (NasdaqCM),0001001171; 0001362057
NYSE MKT LLC (NYSEAM),732026
Nasdaq Capital Market (NasdaqCM),1085243
-,1713748
NYSE MKT LLC (NYSEAM),105744
Nasdaq Capital Market (NasdaqCM),1290476
Nasdaq Capital Market (NasdaqCM),1422892
NYSE MKT LLC (NYSEAM),1030192
Nasdaq Capital Market (NasdaqCM),98338
Nasdaq Capital Market (NasdaqCM),1302387
NYSE MKT LLC (NYSEAM),40570
Nasdaq Capital Market (NasdaqCM),884144
Nasdaq Capital Market (NasdaqCM),722313
Nasdaq Capital Market (NasdaqCM),1014763
Nasdaq Capital Market (NasdaqCM),924719
Nasdaq Capital Market (NasdaqCM),0001023185; 0000727207
Nasdaq Capital Market (NasdaqCM),1016838
Nasdaq Capital Market (NasdaqCM),1157075
New York Stock Exchange (NYSE),320340
Nasdaq Capital Market (NasdaqCM),0001385777; 0000087050
NYSE MKT LLC (NYSEAM),65312
NYSE MKT LLC (NYSEAM),896493
Nasdaq Capital Market (NasdaqCM),109657
NYSE MKT LLC (NYSEAM),1061069
NYSE MKT LLC (NYSEAM),1171155
Nasdaq Capital Market (NasdaqCM),942126
Nasdaq Capital Market (NasdaqCM),355019
Nasdaq Capital Market (NasdaqCM),0001823365; 0001356261
Nasdaq Capital Market (NasdaqCM),834365
Nasdaq Capital Market (NasdaqCM),1026785
Nasdaq Capital Market (NasdaqCM),1024672
Nasdaq Capital Market (NasdaqCM),33992
Nasdaq Global Market (NasdaqGM),1098146
NYSE MKT LLC (NYSEAM),61004
Nasdaq Capital Market (NasdaqCM),1045742
Nasdaq Capital Market (NasdaqCM),1288855
-,0001888172; 0001896084
Nasdaq Capital Market (NasdaqCM),1386301
Nasdaq Capital Market (NasdaqCM),704440
Nasdaq Capital Market (NasdaqCM),1042187
NYSE MKT LLC (NYSEAM),887396
Nasdaq Capital Market (NasdaqCM),1070680
Nasdaq Capital Market (NasdaqCM),837852
Nasdaq Capital Market (NasdaqCM),720154
Nasdaq Capital Market (NasdaqCM),828146
Nasdaq Capital Market (NasdaqCM),788920
Nasdaq Capital Market (NasdaqCM),1211583
Nasdaq Capital Market (NasdaqCM),736012
-,1512228
-,0001696804; 0001023549
Nasdaq Global Market (NasdaqGM),948320
Nasdaq Capital Market (NasdaqCM),890447
Nasdaq Capital Market (NasdaqCM),785557
Nasdaq Capital Market (NasdaqCM),1354866
Nasdaq Capital Market (NasdaqCM),1360565
Nasdaq Capital Market (NasdaqCM),1005516
Nasdaq Capital Market (NasdaqCM),922247
Nasdaq Capital Market (NasdaqCM),849145
Nasdaq Capital Market (NasdaqCM),64463
Nasdaq Capital Market (NasdaqCM),1080340
NYSE MKT LLC (NYSEAM),843006
Nasdaq Global Market (NasdaqGM),-
Nasdaq Capital Market (NasdaqCM),1396536
Nasdaq Capital Market (NasdaqCM),73290
Nasdaq Capital Market (NasdaqCM),1348362
Nasdaq Capital Market (NasdaqCM),1314196
Nasdaq Global Market (NasdaqGM),1088034
Nasdaq Capital Market (NasdaqCM),803578
Nasdaq Capital Market (NasdaqCM),0001043720; 0001505497
Nasdaq Capital Market (NasdaqCM),923601
Nasdaq Capital Market (NasdaqCM),912061
Nasdaq Capital Market (NasdaqCM),1334325
Nasdaq Capital Market (NasdaqCM),867840
Nasdaq Capital Market (NasdaqCM),1291855
Nasdaq Global Select (NasdaqGS),1144879
Nasdaq Capital Market (NasdaqCM),1467761
NYSE MKT LLC (NYSEAM),1009891
Nasdaq Capital Market (NasdaqCM),1104038
Nasdaq Capital Market (NasdaqCM),1070050